nom_voie,id_type_voie,nom_voie_norm,complement_adresse
RUE GEORGES MARLAUD,rue,georges marlaud,
RUE LAURISTON,rue,lauriston,
TEGHIA,,teghia,
RUE EDOUARD BELIN,rue,edouard belin,
BD  MENDES FRANCE,boulevard,mendes france,
RUE DE VILLARS,rue,de villars,
RUE LACORDAIRE,rue,lacordaire,
MAIL LOUISE BOURGEOIS,mail,louise bourgeois,
IMP DES PAPILLONS,impasse,des papillons,
RUE LOUIS CHARLOT,rue,louis charlot,
AV  DE BUZENVAL,avenue,de buzenval,
RTE DU COLLET,route,du collet,
IMP DES TILLEULS,impasse,des tilleuls,
COL AQUITAINE NETREVILLE,col,aquitaine netreville,
CHE DES VALLONS,chemin,des vallons,
AV  SULLY PRUDHOMME,avenue,sully prudhomme,
BD  DE LA REPUBLIQUE,boulevard,de la republique,
AV  DE FLANDRE,avenue,de flandre,
SQ  DU BELVEDERE,square,du belvedere,
AV  FREDERIC VIEFVILLE,avenue,frederic viefville,
LES CRUELLES,,les cruelles,
RUE DES MARAIS,rue,des marais,
RTE DE LA BENOITE,route,de la benoite,
RUE ORMES,rue,ormes,
ALL PABLO NERUDA,allee,pablo neruda,
SQ  DE LA GARENNE,square,de la garenne,
RUE PARMENTIER,rue,parmentier,
RUE DES JONQUIERES,rue,des jonquieres,
IMP PIERRE CAMO,impasse,pierre camo,
RUE ORFILA,rue,orfila,
RUE DU DOC EMILE ROUX,rue,du doc emile roux,
BD  DE LANCELOT,boulevard,de lancelot,
PUY DE REZE,,puy de reze,
LOT DU HAMEAU DU BAC,lotissement,du hameau du bac,
LA HAUTIERE,,la hautiere,
RES VILLA RAFFAELLA,residence,villa raffaella,
RUE GENERAL MANGIN,rue,general mangin,
MOULIN DE LA VEDRINE,moulin,de la vedrine,
RUE DES JARDINS,rue,des jardins,
LE BAS GUERLAND,,le bas guerland,
RUE DU GENERAL BETHOUARD,rue,du general bethouard,
RUE MARCADET,rue,marcadet,
AV  DES ANC COMBATTANTS AFN,avenue,des anc combattants afn,
BD  DU PRESIDENT WILSON,boulevard,du president wilson,
RUE HENRI HOFFMANN,rue,henri hoffmann,
RUE LOUIS TENART,rue,louis tenart,
ALL PLATEAU DES GLIERES,allee,plateau des glieres,
PENANRUN,,penanrun,
RUE DE LA CIGOGNE,rue,de la cigogne,
ALL DES CLOSERIES,allee,des closeries,
RUE SALOMON ROTHSCHILD,rue,salomon rothschild,
PL  DE LA MAIRIE,place,de la mairie,
AV  DE MALHIRA,avenue,de malhira,
CITE MALESHERBES,cite,malesherbes,
RUE ALPHONSE DAUDET,rue,alphonse daudet,
RUE DE LA CHAPELLE,rue,de la chapelle,
BD  DU TRENTE JUIN 1944,boulevard,du trente juin 1944,
CHE DE LA JUSTICE,chemin,de la justice,
RUE DU LAC DE BAIRON,rue,du lac de bairon,
AV  CAMILLE PUJOL,avenue,camille pujol,
RUE DES ALAOUDES,rue,des alaoudes,
CHE DE LA RACAUDRIE  VERRINES,chemin,de la racaudrie verrines,
LES AYENCINS,,les ayencins,
RUE MONTAIGNE,rue,montaigne,
BD  DE L'HOPITAL,boulevard,de l hopital,
RUE DES PETITS TOUVENTS,rue,des petits touvents,
PARC DE LA YAGIRE,parc,de la yagire,
BD  GENERAL DE GAULLE,boulevard,general de gaulle,
RUE P VAILLANT COUTURIER,rue,p vaillant couturier,
RUE DU BEUGNON,rue,du beugnon,
MONTEE JEAN GIONO,montee,jean giono,
RUE DU LOT,rue,du lot,
RTE DES QUEBRAIS,route,des quebrais,
RUE JEAN MEYER,rue,jean meyer,
RUE VOIRIN,rue,voirin,
RUE DES PIERRIERES,rue,des pierrieres,
RUE DE VRAIVILLE,rue,de vraiville,
AV  ALBERT SARRAULT,avenue,albert sarrault,
RUE DE SAINT ANDRE,rue,de saint andre,
SQ  VILLARET DE JOYEUSE,square,villaret de joyeuse,
RUE BELLE SAISON,rue,belle saison,
RUE DES ACADIENS,rue,des acadiens,
RUE DES QUATRE CHEMINS,rue,des quatre chemins,
AV  D ALLEMAGNE,avenue,d allemagne,
AV  FONT ROUBERT,avenue,font roubert,
RUE DE L'AFRIQUE,rue,de l afrique,
BD  VIEUSSENS,boulevard,vieussens,
IMP DE LA VESLE,impasse,de la vesle,
LA CHARPAGNE,,la charpagne,
CHE DE LA FONTAINE,chemin,de la fontaine,
RUE JOLIOT CURIE,rue,joliot curie,
RUE NOEL LEGLEYE,rue,noel legleye,
BD  JEAN JAURES,boulevard,jean jaures,
CHEZ ROUX,,chez roux,
RUE DE L ETANG DE BERRE,rue,de l etang de berre,
RUE DE LA BASTILLE,rue,de la bastille,
PL  MAURICE RAJON,place,maurice rajon,
RES LE LAC DES AMOURS,residence,le lac des amours,
LE TAOUS,,le taous,
RUE DU CHEVALIER FRANCAIS,rue,du chevalier francais,
LOT LES NAIADES,lotissement,les naiades,
RUE CHARLES GERMAIN,rue,charles germain,
RUE SAINT PLACIDE,rue,saint placide,
RUE DES PRES,rue,des pres,
CHE DU NAGELSTAL,chemin,du nagelstal,
CHE DES MARAICHERS,chemin,des maraichers,
RES LA GRANGE,residence,la grange,
RUE DE BEL AIR,rue,de bel air,
RUE AMBROISE CROIZAT,rue,ambroise croizat,
IMP DU CLOS ETIENNE,impasse,du clos etienne,
RTE DE FRANCESCAS,route,de francescas,
IMP DE LA PIOLETTE,impasse,de la piolette,
RTE DE FREGENEUIL,route,de fregeneuil,
PL  GEORGES DUHAMEL,place,georges duhamel,
RUE ELSA TRIOLET,rue,elsa triolet,
VALON DE LAFERODIE,,valon de laferodie,
RUE DES TOURNELLES,rue,des tournelles,
RUE DES BLANCHES FLEURS,rue,des blanches fleurs,
LE VILLERET,,le villeret,
RUE DES NARCISSES,rue,des narcisses,
BD  DE BEAUVILLE,boulevard,de beauville,
RTE DE VALREAS,route,de valreas,
RUE DE BARCELONE,rue,de barcelone,
SOLLIERES,,sollieres,
RUE DE LA PAIX,rue,de la paix,
RUE DENFERT-ROCHEREAU,rue,denfert rochereau,
RUE DES LORIOTS,rue,des loriots,
RUE DE BOISSY,rue,de boissy,
ROQUE GIRONDE,,roque gironde,
RUE CENTRALE,rue,centrale,
RUE DE LA GALAVAUDE,rue,de la galavaude,
RUE GEORGES BRASSENS,rue,georges brassens,
RES DOMAINE DES AULNES,residence,domaine des aulnes,
RUE PAUL GAUGUIN,rue,paul gauguin,
RUE DES PECHEURS,rue,des pecheurs,
RUE DU DOCTEUR JEAN MICHEL,rue,du docteur jean michel,
RUE DE LA METAIRIE,rue,de la metairie,
RUE CAPITAINE LAINE,rue,capitaine laine,
RUE DU TERTRE SAINT LAURENT,rue,du tertre saint laurent,
LE JONQUIER,,le jonquier,
RUE DES ANGUIGNIS,rue,des anguignis,
CLOS DE LA CROIX ROUGE,clos,de la croix rouge,
RUE MAURICE BUREAU,rue,maurice bureau,
RUE DES CONVALESCENTS,rue,des convalescents,
RUE DU PRESIDENT POINCARE,rue,du president poincare,
RUE VIGNERON,rue,vigneron,
RUE LEO LAGRANGE,rue,leo lagrange,
RUE DES BOUVREUILS,rue,des bouvreuils,
AV  PABLO NERUDA,avenue,pablo neruda,
AV  DES ROSES,avenue,des roses,
RUE VAUQUELIN,rue,vauquelin,
BD  SAINT-JEAN,boulevard,saint jean,
RUE PIERRE PAUL DE RIQUET,rue,pierre paul de riquet,
RUE DU CLOS CAPPERONY,rue,du clos capperony,
AV  DES BERGERES,avenue,des bergeres,
PL  AUGUSTE GIBERT,place,auguste gibert,
CHE DU PLANTIER,chemin,du plantier,
CHE VIEUX,chemin,vieux,
LE BAS CERISEL DUCEY,,le bas cerisel ducey,
CHIASSU SUPRANU,,chiassu supranu,
PL  DE L'ALBANAIS,place,de l albanais,
RUE JEAN FROISSART,rue,jean froissart,
RUE GASTON TESSIER,rue,gaston tessier,
RUE DE L'ORGE,rue,de l orge,
AV  DE LANESSAN,avenue,de lanessan,
BD  DU MIDI,boulevard,du midi,
HLM VAUBAN,hlm,vauban,
RUE LEON DUCRET,rue,leon ducret,
BD  DES MOURES,boulevard,des moures,
CHE DES OEILLETS,chemin,des oeillets,
RUE VILLEBOIS MAREUIL,rue,villebois mareuil,
RUE DU MAS ST ANTOINE,rue,du mas saint antoine,
RUE PAUL MOREY,rue,paul morey,
RUE DES FRANCS JUGES,rue,des francs juges,
RUE STEPHANE MONY,rue,stephane mony,
LA BOURIE,,la bourie,
RUE BLOMET,rue,blomet,
RTE DE TOURNON,route,de tournon,
ILE RICHARD,ile,richard,
RUE LOUIS REVON,rue,louis revon,
CHE DE GUILLAUME,chemin,de guillaume,
SQ  DES CHINOIS,square,des chinois,
QUAI DE L ILL,quai,de l ill,
SAINT BERNARD,,saint bernard,
RUE BERLAGO,rue,berlago,
RUE DU RAT HUPPE,rue,du rat huppe,
RUE DU PUISOT,rue,du puisot,
AV  MARCEL PAGNOL,avenue,marcel pagnol,
RUE DU MOULIN A VENT,rue,du moulin a vent,
RUE DE L ANNONCIADE,rue,de l annonciade,
RUE FOLLE EMPRISE,rue,folle emprise,
RUE GASTON GUILLORE,rue,gaston guillore,
CHE DE LA GARE,chemin,de la gare,
RUE DU GATINAIS,rue,du gatinais,
RUE RAYMOND POTIER,rue,raymond potier,
RTE DE SIANY,route,de siany,
ALL NEWTON,allee,newton,
RUE DE RIBRAY,rue,de ribray,
RUE MARCEL GOULETTE,rue,marcel goulette,
RUE DES ROITELETS,rue,des roitelets,
RUE NEUVE,rue,neuve,
RTE DE LA BAUTHE,route,de la bauthe,
RUE GEORGES CLEMENCEAU,rue,georges clemenceau,
PIAZZA,,piazza,
RUE DU DIX HUIT JUIN,rue,du dix huit juin,
IMP DE LA COMBE,impasse,de la combe,
PL  AMAURY DE LA GRANGE,place,amaury de la grange,
RUE DE LA SAINTE-MADELEINE,rue,de la sainte madeleine,
RES FONTAINES I PCE G DESP,residence,fontaines i pce g desp,
RUE D INGWILLER,rue,d ingwiller,
IMP COQ DE ROCHE,impasse,coq de roche,
RUE DE LA MONTAGNE,rue,de la montagne,
RUE EUGENE BOUDIN,rue,eugene boudin,
RUE DU HANOY,rue,du hanoy,
AV  DU GENERAL DE GAULLE,avenue,du general de gaulle,
RUE LOUIS DARDE,rue,louis darde,
RUE PIERRE BROSSOLETTE,rue,pierre brossolette,
RES L JONAS RUE F DUSSART,rue,f dussart,res l jonas
AV  MAGINOT,avenue,maginot,
RUE HORTENSIAS LA NAPOULE,rue,hortensias la napoule,
AV  DELATTRE DE TASSIGNY,avenue,delattre de tassigny,
RUE ARTHUR RIMBAUD,rue,arthur rimbaud,
RUE SISLEY,rue,sisley,
RUE PAUL MATHOU,rue,paul mathou,
AV  PIERRE COURTADE,avenue,pierre courtade,
RUE OLYMPE DE GOUGES,rue,olympe de gouges,
RUE DE L ETANG,rue,de l etang,
RUE DE JEAN BAYLE,rue,de jean bayle,
AV  LOUISE,avenue,louise,
RUE DES VIEILLES DOUVES,rue,des vieilles douves,
RUE PAUL COURBOULAY,rue,paul courboulay,
RUE DE BLAINVILLE,rue,de blainville,
ALL ARTHUR RIMBAUD,allee,arthur rimbaud,
CHE DE DORREA,chemin,de dorrea,
AV  DE LA BELLE GABRIELLE,avenue,de la belle gabrielle,
RUE DU MONCEL,rue,du moncel,
RUE MARECHAL DE LATTRE,rue,marechal de lattre,
IMP FRANCOIS VERDIER,impasse,francois verdier,
RUE DES PRES HAYS,rue,des pres hays,
RUE DU 6 JUIN 1944,rue,du 6 juin 1944,
BD  DES PLATANES,boulevard,des platanes,
RUE DU DOCTEUR ALFRED CORLAY,rue,du docteur alfred corlay,
AV  HENRY CHERON,avenue,henry cheron,
DEVANT DIONAY,,devant dionay,
PL  DES CHASSEURS,place,des chasseurs,
KERSEAC'H,,kerseac h,
RUE DE VILLACOUBLAY,rue,de villacoublay,
DOM DU CHATEAU,domaine,du chateau,
AV  DE LA REDOUTE,avenue,de la redoute,
ALL DU CARILLON,allee,du carillon,
RUE D ALTORF,rue,d altorf,
RUE DU BREUIL,rue,du breuil,
LOT L ESCANDIHADO,lotissement,l escandihado,
RUE DE LA VEGA,rue,de la vega,
RUE JOSEPHINE BAKER,rue,josephine baker,
RUE DU PRE JUGE,rue,du pre juge,
CHE HECTOR BERLIOZ,chemin,hector berlioz,
RUE PIERRE MARZIN,rue,pierre marzin,
RUE DU JAVELOT,rue,du javelot,
RUE JEAN DE BERNARDY,rue,jean de bernardy,
RUE DE NOMENY,rue,de nomeny,
RUE DE GRANDE BRETAGNE,rue,de grande bretagne,
LA CHARITE,,la charite,
ALL DU CHATEAU,allee,du chateau,
RUE FRANCOIS PAVILLA,rue,francois pavilla,
AV  D AZEREIX,avenue,d azereix,
RUE DE PRAGUE,rue,de prague,
AV  BIR HAKEIM,avenue,bir hakeim,
MESNIL,,mesnil,
RUE DE VERDUN,rue,de verdun,
RUE MALESHERBES,rue,malesherbes,
RUE FRANCOIS BUSSENET,rue,francois bussenet,
RUE PAULINE KERGOMARD,rue,pauline kergomard,
RUE DE L ANCIENNE EGLISE,rue,de l ancienne eglise,
RUE DE CHARONNE,rue,de charonne,
PIAZZAGGIOLA,,piazzaggiola,
BD  CHANZY,boulevard,chanzy,
QUARTIER FLEURY,quartier,fleury,
LA JULLIANE,,la julliane,
RUE DE MULHOUSE,rue,de mulhouse,
RUE EMILE ZOLA,rue,emile zola,
RUE EUGENE DAVEY,rue,eugene davey,
RUE DE BLATON,rue,de blaton,
RUE DE LA GUETTE,rue,de la guette,
RUE DANIEL BLUMENTHAL,rue,daniel blumenthal,
RUE NICOLAS FROMENT,rue,nicolas froment,
RUE DE DURLINSDORF,rue,de durlinsdorf,
VC  308 DE WINNEZEELE,voie communale,308 de winnezeele,
RUE DES VINAIGRIERS,rue,des vinaigriers,
AV  DE STALINGRAD,avenue,de stalingrad,
RUE DU GENERAL MURTIN,rue,du general murtin,
RUE COPERNIC,rue,copernic,
RUE DE CANREDON,rue,de canredon,
RUE PAUL BOURGET,rue,paul bourget,
RUE CHARLES INFROIT,rue,charles infroit,
AV  DES BUTRIS,avenue,des butris,
RTE DE LA CHARMETTE,route,de la charmette,
RUE DU PETIT MARAIS,rue,du petit marais,
RUE DU GENERAL LECLERC,rue,du general leclerc,
ALL DU BERRY,allee,du berry,
RUE DE LA POMMERAIE,rue,de la pommeraie,
MONTAREUX-EST,,montareux est,
LA ZAINE,,la zaine,
RUE DES EDOUETS,rue,des edouets,
RUE DE SAINT CLOUD,rue,de saint cloud,
CHE DE L ARGENTIERE,chemin,de l argentiere,
RUE JEAN LE COZ,rue,jean le coz,
RUE DE LA BOUTEILLERIE,rue,de la bouteillerie,
RUE D AURAY,rue,d auray,
RTE DE LYONS LA FORET,route,de lyons la foret,
CHE DU BADAFFIER,chemin,du badaffier,
RUE LOUIS MARIN,rue,louis marin,
CITE DE LA CROIX BLANCHE,cite,de la croix blanche,
PROM DES DEUX PUITS,promenade,des deux puits,
RTE DU RHIN,route,du rhin,
ALL DU MUGUET,allee,du muguet,
RUE DE LA PASSERELLE,rue,de la passerelle,
RTE DU MAS,route,du mas,
ALL JEAN GREMILLON,allee,jean gremillon,
AV  DE LA BOURBOULE,avenue,de la bourboule,
RUE DU PREMIER DE LIGNE,rue,du premier de ligne,
RTE DE STRASBOURG,route,de strasbourg,
RLE MARION,ruelle,marion,
IMP DES GARRETS,impasse,des garrets,
RUE DE MARCENAT,rue,de marcenat,
RUE DE LA RAMPE,rue,de la rampe,
AV  DE SAINT EXUPERY,avenue,de saint exupery,
AV  DE CANNES,avenue,de cannes,
CHE DES BACHES,chemin,des baches,
BEAUMARRAN,,beaumarran,
BD  DE REUILLY,boulevard,de reuilly,
RUE DES COLLONGES,rue,des collonges,
SQ  HENRY DUNANT,square,henry dunant,
RUE OLIVIER DE SERRES,rue,olivier de serres,
IMP JEAN PAUL SARTRE,impasse,jean paul sartre,
AV  SALVADOR ALLENDE,avenue,salvador allende,
RUE GEORGES DUBOIS,rue,georges dubois,
AV  MAURICE BERTEAUX,avenue,maurice berteaux,
BD  DU COLONEL ROBERT ROSSI,boulevard,du colonel robert rossi,
RUE CHARLES PATHE,rue,charles pathe,
RUE MARCEL LEGAY,rue,marcel legay,
CHE DE SAINT CLAIR,chemin,de saint clair,
RUE PAUL CHEVREUX,rue,paul chevreux,
LOT DE LA VILLE RUAULT,lotissement,de la ville ruault,
RTE DE LANNUX,route,de lannux,
RUE DU VERCORS,rue,du vercors,
ALL ANDRE MANO,allee,andre mano,
PL  111 VOLONTAIRES AN II,place,111 volontaires an ii,
LES AULNETTES,,les aulnettes,
RUE DU CARDO,rue,du cardo,
AV  DES PYRENEES,avenue,des pyrenees,
RUE ANDRE MULOT,rue,andre mulot,
AV  YOURI GAGARINE,avenue,youri gagarine,
RUE ROBERT II,rue,robert ii,
RUE SAINT JOSEPH,rue,saint joseph,
AV  DE LA SARRAZINE,avenue,de la sarrazine,
BD  LELASSEUR,boulevard,lelasseur,
CRS SAINT LUC,cours,saint luc,
RUE DALMAIS,rue,dalmais,
LES GLEIZOLLES,,les gleizolles,
SUPER CROISETTE MIRAMAR,,super croisette miramar,
RUE DE BOURGOGNE,rue,de bourgogne,
AV  DOCTEUR NANCEL PENARD,avenue,docteur nancel penard,
RUE DES TILLEULS,rue,des tilleuls,
RUE DU GRAND POIZAY,rue,du grand poizay,
RUE DE LA POMME D OR,rue,de la pomme d or,
RUE DELLOYE,rue,delloye,
CHE PUJIBET,chemin,pujibet,
RUE DE L ORMEAU,rue,de l ormeau,
RUE DROITE,rue,droite,
AV  DU PUYMORENS,avenue,du puymorens,
RTE DE BEDES,route,de bedes,
RUE CLAUDE GONIN,rue,claude gonin,
RUE ISAAC AZIMOV,rue,isaac azimov,
CHE DES CRETES,chemin,des cretes,
CHE DU BULLE,chemin,du bulle,
RUE LEON BLUM,rue,leon blum,
RUE DU BELVEDERE,rue,du belvedere,
RUE D HULAY,rue,d hulay,
AV  CHARLES LE GOFFIC,avenue,charles le goffic,
RUE DU PRESIDENT WILSON,rue,du president wilson,
RUE JEAN PIERRE PECONDOM,rue,jean pierre pecondom,
AV  PASTEUR,avenue,pasteur,
CHE DU DESERT,chemin,du desert,
RUE JOSEPH LOTH,rue,joseph loth,
LOT LE GAMBETTA 1,lotissement,le gambetta 1,
CHE DE LA NOITRIE,chemin,de la noitrie,
RUE BARBACANE,rue,barbacane,
RUE VAN GOGH,rue,van gogh,
RUE DU PRESIDENT J F KENNEDY,rue,du president j f kennedy,
GLASCOET,,glascoet,
RUE DE CHAUSSAS,rue,de chaussas,
AV  VOLTAIRE,avenue,voltaire,
RUE GARDE DIEU,rue,garde dieu,
RTE D OLIVET,route,d olivet,
CHE DES GRANDS BAS,chemin,des grands bas,
CHE DES SETTIERS,chemin,des settiers,
PL  DU TERTRE,place,du tertre,
RUE DE LA MARIETTE,rue,de la mariette,
RUE DES ROMAINS,rue,des romains,
ALL DES FOUS DE BASSAN,allee,des fous de bassan,
RUE RAYMOND AUBRUN,rue,raymond aubrun,
RUE RAOUL FOLLEREAU,rue,raoul follereau,
RUE DU VALVRET,rue,du valvret,
RUE LABROUSTE,rue,labrouste,
RUE DE VIEILLEVILLE,rue,de vieilleville,
AV  DE STRASBOURG,avenue,de strasbourg,
RES LES OISILLONS RUE MOULIN G,rue,moulin g,res les oisillons
RUE PAUL LANGEVIN,rue,paul langevin,
AV  GRANDMONT,avenue,grandmont,
RTE DU GENIE,route,du genie,
RUE DE TANGER,rue,de tanger,
RUE HELENE NAUTRE,rue,helene nautre,
RUE DU DAUPHIN,rue,du dauphin,
RUE DE LENS,rue,de lens,
RUE AMPERE,rue,ampere,
RUE VIEILLE,rue,vieille,
AV  DES PROVINCES,avenue,des provinces,
RTE DE PRE LA JOUX,route,de pre la joux,
CHE DE PIERRE PLATE,chemin,de pierre plate,
ALL DE BROCELIANDE,allee,de broceliande,
CHE DE MONLONG,chemin,de monlong,
BD  ALBERT THOMAS,boulevard,albert thomas,
BD  FLANDRIN,boulevard,flandrin,
AV  DE FRANCE,avenue,de france,
LE CASTELLAS,,le castellas,
RUE FREDERIC MAGISSON,rue,frederic magisson,
LES PALENNES,,les palennes,
MTE DES POIRIERES,montee,des poirieres,
RTE DES MOULINS,route,des moulins,
CHE GARDENN AR TRAEZH GWENN,chemin,gardenn ar traezh gwenn,
RES LES PRES DU CERF RUE CLEME,rue,cleme,res les pres du cerf
QUAI DE PALUDATE,quai,de paludate,
LOT DOMAINE DE LORIENT,lotissement,domaine de lorient,
LES CREAUX,,les creaux,
RUE DE ROBINSON,rue,de robinson,
RTE DE GIVONNE,route,de givonne,
RUE DU JURA,rue,du jura,
RTE DE MARCOLLIN,route,de marcollin,
AV  DU MIDI,avenue,du midi,
RUE THEODORE GUILBEAU,rue,theodore guilbeau,
RUE EMILE PALADILHE,rue,emile paladilhe,
LE VIEUX PIN,,le vieux pin,
CREAS,,creas,
RUE DES VIOLETTES,rue,des violettes,
RUE PIERRE GAGNEAU,rue,pierre gagneau,
CITE EUCALYPTUS,cite,eucalyptus,
RUE P.AUGUSTIN DE BEAUMARCHAIS,rue,p augustin de beaumarchais,
MORNE COCO,morne,coco,
RUE RESIDENCE LA FONTAINE,rue,residence la fontaine,
AV  ARISTIDE BRIAND,avenue,aristide briand,
AV  D EYLAU,avenue,d eylau,
RTE DE VIC FEZENSAC,route,de vic fezensac,
RUE DU PRE VERT,rue,du pre vert,
AV  JOFFRE,avenue,joffre,
RUE PROFESSEUR PAUL MILLERET,rue,professeur paul milleret,
AUX PLANTES DE VIDAL,,aux plantes de vidal,
RUE DU BENY,rue,du beny,
CHE DE LOPY,chemin,de lopy,
RUE DES FORGES,rue,des forges,
RUE DE BOYRIE,rue,de boyrie,
IMP DU DOCTEUR PAIN,impasse,du docteur pain,
RUE DE LA PLAINE,rue,de la plaine,
AV  JEAN LOLIVE,avenue,jean lolive,
CHE DE SOUS LE CRET,chemin,de sous le cret,
BELOST,,belost,
RTE DU CABARET,route,du cabaret,
RUE DE MEAUX,rue,de meaux,
RTE DE CADOL,route,de cadol,
RUE DE CHAILLOT,rue,de chaillot,
AV  DES AIGLES,avenue,des aigles,
LES PROVINCIALES,,les provinciales,
RUE DE GRANDVILLIERS,rue,de grandvilliers,
RUE DU PETIT TRAIN,rue,du petit train,
RUE DU CHAMP DE FOIRE,rue,du champ de foire,
RTE DES PESSES,route,des pesses,
RUE DES TONNELIERS,rue,des tonneliers,
RUE DU BLANC GATEAU,rue,du blanc gateau,
RUE DES DIGUES,rue,des digues,
RUE DE CREVECOEUR,rue,de crevecoeur,
AV  DE PARIS,avenue,de paris,
AV  ALBERT THOMAS,avenue,albert thomas,
RUE DE LA COUR DES BOIS,rue,de la cour des bois,
AV  DES ROMARINS,avenue,des romarins,
ALL DES CARRIERES,allee,des carrieres,
RUE DE SAINT JEAN,rue,de saint jean,
BD  ALMERAS,boulevard,almeras,
RUE JEAN BART,rue,jean bart,
AV  DU PONT,avenue,du pont,
CRS ANDRE PHILIP,cours,andre philip,
RUE DE KERVOALAN,rue,de kervoalan,
AV  DE LA MEDITERRANEE,avenue,de la mediterranee,
AV  DU MARECHAL JUIN,avenue,du marechal juin,
RUE DE TOURAINE,rue,de touraine,
AV  LACASSAGNE,avenue,lacassagne,
VIGNACE,,vignace,
CHE DE JOUANET,chemin,de jouanet,
RUE DES TOURTERELLES,rue,des tourterelles,
LOT LE FOULARD,lotissement,le foulard,
RUE AUGUSTE POTIE,rue,auguste potie,
RUE DU FAUBOURG SAINT HONORE,rue,du faubourg saint honore,
RTE DU CHINAILLON,route,du chinaillon,
RUE DES FOSSES,rue,des fosses,
RUE MAURICE PAILLOT,rue,maurice paillot,
LES CHONS,,les chons,
RUE DU PIC DU BARBET,rue,du pic du barbet,
ALL DES BRASILIAS,allee,des brasilias,
AV  DU BRETON,avenue,du breton,
RUE DE LA FILEUSE,rue,de la fileuse,
CHE DE SUSSARGUES,chemin,de sussargues,
PL  DE BENDERN,place,de bendern,
RTE DE FOURQUES,route,de fourques,
QUAI DES BATELIERS,quai,des bateliers,
PL  DE LA PORTE DE PARIS,place,de la porte de paris,
RUE DU PIC DE LA GRAVA,rue,du pic de la grava,
RUE DES CITES,rue,des cites,
RUE PAUL BELDANT,rue,paul beldant,
RUE DES VARENNES,rue,des varennes,
RUE EDOUARD TURPIN,rue,edouard turpin,
IMP DES TERTRES ES PIES,impasse,des tertres es pies,
RUE DE MICHELBACH,rue,de michelbach,
CHEM DE BEL AIR,cheminement,de bel air,
RUE DE WAMBRECHIES,rue,de wambrechies,
PL  MICHEL HOUSSIN,place,michel houssin,
QUAI DOCTEUR SCHEYDT,quai,docteur scheydt,
SEN DES CERISIERS,sentier,des cerisiers,
RUE DU LEGUE,rue,du legue,
RUE DUHESME,rue,duhesme,
LE MARTERET,,le marteret,
LOT LE SOLEIL COUCHANT,lotissement,le soleil couchant,
RUE GAMBETTA,rue,gambetta,
RUE DU MOULIN DE L ARCHEVEQUE,rue,du moulin de l archeveque,
RUE GEORGES CHARPAK,rue,georges charpak,
RUE LUCIE AUBRAC,rue,lucie aubrac,
LA VOLTIERE,,la voltiere,
ALL STOECKLIN,allee,stoecklin,
AV  CHARLES FLOQUET,avenue,charles floquet,
RUE DES FERMETTES,rue,des fermettes,
RUE DE GOUVIEUX,rue,de gouvieux,
RUE PAUL KELLER,rue,paul keller,
LES GRANDES MAISONS,,les grandes maisons,
RUE GABRIEL MOUILLERON,rue,gabriel mouilleron,
RUE DE KINDWILLER,rue,de kindwiller,
RUE DE PONT A MOUSSON,rue,de pont a mousson,
RUE DE VAUXCERE,rue,de vauxcere,
RUE DU BLANCBOURG,rue,du blancbourg,
RTE DU VILLAGE,route,du village,
RES LE CAPRICORNE,residence,le capricorne,
RUE DU CHARME,rue,du charme,
PL  DU GENERAL LECLERC,place,du general leclerc,
IMP DES ETOURNEAUX,impasse,des etourneaux,
RUE FAYS,rue,fays,
RTE DU LOGIS NEUF,route,du logis neuf,
RUE DE CENEVIERES,rue,de cenevieres,
BD  VASCO DE GAMA,boulevard,vasco de gama,
RUE GABRIEL FAURE,rue,gabriel faure,
RUE DE KERIONOC,rue,de kerionoc,
RUE CREBILLON,rue,crebillon,
AV  DE TOURNAMY,avenue,de tournamy,
IMP VICTOR HUGO,impasse,victor hugo,
RUE ANDRE GIDE,rue,andre gide,
RUE DE TOUFFLERS,rue,de toufflers,
RUE DE L'ANCIEN FOUR,rue,de l ancien four,
BEAU SITE,,beau site,
RUE DE LA PETITE BOURRELIERE,rue,de la petite bourreliere,
CHE CORDEAU,chemin,cordeau,
RTE GUSTAVE COURBET,route,gustave courbet,
AV  DE LA FOLIE,avenue,de la folie,
RUE DE WILLEMS,rue,de willems,
AV  ADRIEN,avenue,adrien,
RUE SAINT ANTOINE,rue,saint antoine,
RUE ALPHONSE HAUSSAIRE,rue,alphonse haussaire,
RUE DE LA FERME FALK,rue,de la ferme falk,
RUE EDITH PIAF,rue,edith piaf,
RUE DES BANCHAIS,rue,des banchais,
RUE JEANNE D ARC,rue,jeanne d arc,
MAISON AUX LOUPS,maison,aux loups,
RUE DE LA PORTE DE BOURGOGNE,rue,de la porte de bourgogne,
IMP BEAU SOLEIL,impasse,beau soleil,
RUE CARNOT,rue,carnot,
RTE BLEUE,route,bleue,
RUE DES FLORALIES,rue,des floralies,
BARALET,,baralet,
RUE DE ROUNTZENHEIM,rue,de rountzenheim,
CHE DES MONTS DESSUS,chemin,des monts dessus,
ALL VINCENT BENONY,allee,vincent benony,
CONDAMINES DE LA TOUR,,condamines de la tour,
RUE DU MERISIER,rue,du merisier,
RUE DU MAQUIS,rue,du maquis,
RES LES REGATES,residence,les regates,
ALL ROSALIE,allee,rosalie,
HLM BRD PAUL MONTEL NORMANDIE,hlm,brd paul montel normandie,
RUE DES TROIS FONTANOT,rue,des trois fontanot,
LE PATIS,,le patis,
RUE CHARLES DE GAULLE,rue,charles de gaulle,
RUE HENRY DRUSSY,rue,henry drussy,
LOT LE DOMAINE DU PORTAIL NEUF,lotissement,le domaine du portail neuf,
RUE DES EGLANTINES,rue,des eglantines,
RUE DU MOULIN DE LA TOUR,rue,du moulin de la tour,
BD  DE LA PAIX,boulevard,de la paix,
BD  ROBERT SCHUMANN -CHERBOURG,boulevard,robert schumann cherbourg,
RUE DE BASSILOUR,rue,de bassilour,
RUE D HARDEVILLE,rue,d hardeville,
RUE DU LIMOUSIN,rue,du limousin,
AV  DE LA GARE,avenue,de la gare,
RTE DES IMPRESSIONNISTES,route,des impressionnistes,
RTE DES CHEVRES,route,des chevres,
RUE PAULINE ROLLAND,rue,pauline rolland,
AV  DE MADRID,avenue,de madrid,
RUE DU DORLAY,rue,du dorlay,
RUE SAINT BRICE,rue,saint brice,
IMP DU MERISIER,impasse,du merisier,
RUE DU 14 JUILLET,rue,du 14 juillet,
RUE DE LA HAYAUMET,rue,de la hayaumet,
BD  DE L ATLANTIQUE,boulevard,de l atlantique,
HAMEAU DES BANNETTES,hameau,des bannettes,
CHE DU MARTINET,chemin,du martinet,
RTE DU CAIRE,route,du caire,
RUE FELIBIEN,rue,felibien,
CHE DE GRAND-FOND,chemin,de grand fond,
RTE IMPERIALE,route,imperiale,
BATLLIA D AVALL,,batllia d avall,
RUE DE BALZAC,rue,de balzac,
RTE DE  GRANGE BLANCHE,route,de grange blanche,
AV  PAUL COCAT,avenue,paul cocat,
RES LES MARGUERITES,residence,les marguerites,
ALL CHAMPOLLION,allee,champollion,
RUE DU MONT BLANC,rue,du mont blanc,
RUE D ANTONY,rue,d antony,
RUE TIPHAINE RAGUENEL,rue,tiphaine raguenel,
RTE DE JOUE,route,de joue,
RUE LES SABLES BLANCS,rue,les sables blancs,
RUE KEUFER,rue,keufer,
PL  DE LA PROMENADE,place,de la promenade,
RUE BRETAGNE,rue,bretagne,
CHE VALLON DES TUVES,chemin,vallon des tuves,
AV  RENE MONORY,avenue,rene monory,
RUE DU LAC,rue,du lac,
RUE PAUL CEZANNE,rue,paul cezanne,
RES DOMAINE DU SCUDO MYRTHIA,residence,domaine du scudo myrthia,
RUE SAINT SAENS,rue,saint saens,
RUE DU MUGUET,rue,du muguet,
RUE DE CHAMPAGNE,rue,de champagne,
RUE DANIELLE CASANOVA,rue,danielle casanova,
QUA ARISTIDE BRIAND,quartier,aristide briand,
IMP DU BOIS LE PONCIN,impasse,du bois le poncin,
RUE DE NOEUX,rue,de noeux,
RUE DU SUFFRAGE UNIVERSEL,rue,du suffrage universel,
RUE DE L UNIVERSITE,rue,de l universite,
MONTIERE,,montiere,
LE SOURTOIS,,le sourtois,
RES DE LA TUILERIE,residence,de la tuilerie,
RUE DU CHAPITRE,rue,du chapitre,
AV  HENRI CHASLES,avenue,henri chasles,
AV  SAINT AUGUSTIN,avenue,saint augustin,
RUE LA FONTAINE,rue,la fontaine,
CHEM DE KERSALUDU,cheminement,de kersaludu,
CHE DU CLOS DES ROSEES,chemin,du clos des rosees,
RTE DU HAFFOND,route,du haffond,
RUE CHAMPIONNET,rue,championnet,
RUE JEAN-BAPTISTE CHARCOT,rue,jean baptiste charcot,
LE BAS RONCERAY,,le bas ronceray,
RUE GUILLAUME LE CONQUERANT,rue,guillaume le conquerant,
RTE DE LYON,route,de lyon,
RUE DU DOC PIERRE EMILE ROUX,rue,du doc pierre emile roux,
ALL DES NOISETIERS,allee,des noisetiers,
HLM MUCHART,hlm,muchart,
LOT LE BOIS DU MARTINET,lotissement,le bois du martinet,
AV  JEANNE D ARC,avenue,jeanne d arc,
RUE KEREBARS IZELLA,rue,kerebars izella,
AV  MORLIERE,avenue,morliere,
RUE DE RUBECQUE,rue,de rubecque,
RUE DE BASSE ALLEMAGNE,rue,de basse allemagne,
RUE DE LA COUTURELLE,rue,de la couturelle,
RUE GEORGES MICHAUD,rue,georges michaud,
AV  JULIEN,avenue,julien,
RUE DU SAHEL,rue,du sahel,
ALL DE LA MODER PFAFFENHOFFEN,allee,de la moder pfaffenhoffen,
RTE DE HUSSEAU,route,de husseau,
RUE ALBERT VIRFEU,rue,albert virfeu,
RTE DE LA CASCADE,route,de la cascade,
RUE DU PROF CHRISTIAN CABROL,rue,du prof christian cabrol,
CHE DE TRAVERSE,chemin,de traverse,
RUE DES GENETS,rue,des genets,
RUE DES PINS PARASOLS,rue,des pins parasols,
IMP DE KERVADAIL,impasse,de kervadail,
RUE DE LA MARE AUX FEES,rue,de la mare aux fees,
RUE DES PINASSOTTES,rue,des pinassottes,
PL  JULES RENARD,place,jules renard,
CRS DU MARECHAL GALLIENI,cours,du marechal gallieni,
RUE ROGER BRECHAN,rue,roger brechan,
BD  GEORGES MELIES,boulevard,georges melies,
CHEM DU TERTRE DE SAINT PIERRE,cheminement,du tertre de saint pierre,
RUE DES PORTERONS,rue,des porterons,
IMP RAPHAEL,impasse,raphael,
IMP DU CHAMP CORTIN,impasse,du champ cortin,
BD  DU REDON,boulevard,du redon,
CHE DE TOURNEFEUILLE,chemin,de tournefeuille,
RUE D ANCENIS,rue,d ancenis,
RES LES TAMARINS,residence,les tamarins,
RUE DE L EGALITE,rue,de l egalite,
RUE JULES VALLES,rue,jules valles,
LOT LE CLOS CORIS,lotissement,le clos coris,
RES DE LATTRE DE TASSIGNY,residence,de lattre de tassigny,
PRE GORDON,pre,gordon,
AV  DE SAINT RAPHAEL,avenue,de saint raphael,
RUE DU PROF CALMETTE,rue,du prof calmette,
BD  COLONEL MAGDELEIN,boulevard,colonel magdelein,
CHE DU SPITZEMBERG,chemin,du spitzemberg,
RUE DE L ETRAVE,rue,de l etrave,
IMP JOACHIM DU BELLAY,impasse,joachim du bellay,
RUE DE LA SEILLE,rue,de la seille,
RES GEORGES V,residence,georges v,
RUE ELIE ROCHETTE,rue,elie rochette,
IMP DE SAGARDIA,impasse,de sagardia,
RUE DU CAPITAINE FAVRE,rue,du capitaine favre,
CHE DES CHAIRIERES,chemin,des chairieres,
AV  DE CEINTURE,avenue,de ceinture,
RUE ALEXANDRE HUGOT,rue,alexandre hugot,
RUE HENRI LACORDAIRE,rue,henri lacordaire,
RUE GENERAL LACHICHE,rue,general lachiche,
CHE DU FRESNEAU,chemin,du fresneau,
RUE DUPUYTREN,rue,dupuytren,
RUE LUCIEN NEUWIRTH,rue,lucien neuwirth,
RUE DE LA POMME DE PIN,rue,de la pomme de pin,
RUE DU MARECHAL JOFFRE,rue,du marechal joffre,
AV  DE GENEVE,avenue,de geneve,
FAVORI,,favori,
AV  DU CLUB HIPPIQUE,avenue,du club hippique,
RUE DES COURTS SILLONS,rue,des courts sillons,
RTE DE CHARSAY,route,de charsay,
LES PLATANES,,les platanes,
POUILLAC,,pouillac,
RUE DES SUISSES,rue,des suisses,
CHEZ CARTON,,chez carton,
RUE DU CENTRE,rue,du centre,
RUE CURIAL,rue,curial,
RTE DES MARINES DE BORGO,route,des marines de borgo,
ALL MICHELINE DAX,allee,micheline dax,
AV  DE RIGNY,avenue,de rigny,
RUE FONDAUDEGE,rue,fondaudege,
POUCHON,,pouchon,
PL  DU VIEUX PLATANE,place,du vieux platane,
RUE BELLEVUE,rue,bellevue,
AV  CAGNOLI,avenue,cagnoli,
RUE CAFFARELLI,rue,caffarelli,
CITE LE CHENE,cite,le chene,
CHE DE LA LIRETTE,chemin,de la lirette,
AV  DU GENERAL LECLERC,avenue,du general leclerc,
ALL DES CAMELIAS,allee,des camelias,
TRA PARANGON,traverse,parangon,
CHE DE FERRO LEBRES,chemin,de ferro lebres,
LES CABRUTS,,les cabruts,
BD  DE BEAUSEJOUR,boulevard,de beausejour,
LA HALUCHERE,,la haluchere,
RUE DU VIVIER,rue,du vivier,
RUE DU PORT FIDELE,rue,du port fidele,
ALL DES GENETS,allee,des genets,
ALL CHRISTINE DE PISAN,allee,christine de pisan,
RUE DE LA CARTOUCHERIE,rue,de la cartoucherie,
RUE DE FONTAINE ECU,rue,de fontaine ecu,
AV  VERDIER,avenue,verdier,
RUE FRANCIS YARD,rue,francis yard,
RUE DE CUIRE,rue,de cuire,
BD  SAVARI,boulevard,savari,
RUE ERNEST LEPOT,rue,ernest lepot,
RUE DES VALMEUX,rue,des valmeux,
RTE DE L'EUROPE,route,de l europe,
RUE MARIE FAVART,rue,marie favart,
RUE DES JONCS,rue,des joncs,
RUE DE OUESSANT,rue,de ouessant,
ALL DE GOUDELIN,allee,de goudelin,
ALL LAFAYETTE,allee,lafayette,
RUE MICHELET,rue,michelet,
RES ALIZES B RAIZET,residence,alizes b raizet,
AV  DE PESSICART,avenue,de pessicart,
RUE ARTHUR BACRO,rue,arthur bacro,
ALL DES TAMARIS,allee,des tamaris,
RUE LOUISE MICHEL,rue,louise michel,
RUE DE FUMAY,rue,de fumay,
RUE UTHMANN,rue,uthmann,
RUE DE LA SAONE,rue,de la saone,
RUE DES FILLETTES,rue,des fillettes,
RTE DE LA COUDRE,route,de la coudre,
CRS GAMBETTA,cours,gambetta,
IMP ROLLET,impasse,rollet,
AV  DE LATTRE DE TASSIGNY,avenue,de lattre de tassigny,
RUE DE CHAMBRETTE,rue,de chambrette,
RUE SAINT FARGEAU,rue,saint fargeau,
RUE DU BLAMONT,rue,du blamont,
PL  NAPOLEON - CHERBOURG,place,napoleon cherbourg,
CHE DE L AIREAU,chemin,de l aireau,
RUE DE COLLESTERNIC,rue,de collesternic,
RUE ABEL ANTOUNE,rue,abel antoune,
RUE AIME VALLAT,rue,aime vallat,
RUE GEORGES PICQUART,rue,georges picquart,
RUE DE SELESTAT,rue,de selestat,
RUE DE LA REDERIE,rue,de la rederie,
RUE ERLANGER,rue,erlanger,
RTE DU BOURG,route,du bourg,
RUE DE LA MAIRIE,rue,de la mairie,
CHE BANCOUL,chemin,bancoul,
RUE JACQUES OFFENBACH,rue,jacques offenbach,
RUE DE NEUILLY,rue,de neuilly,
RUE DES FONDEURS,rue,des fondeurs,
AV  DU CORPS FRANC POMIES,avenue,du corps franc pomies,
RUE DE LA RASCASSE,rue,de la rascasse,
LE TEMPLE,,le temple,
RES DES PRES DU BOURG,residence,des pres du bourg,
RTE D'HAMBERS,route,d hambers,
LES PLANEZES,,les planezes,
RUE PER JAKES HELIAS,rue,per jakes helias,
RUE DES TANNERIES,rue,des tanneries,
MTE DES CHAPOTS,montee,des chapots,
RES POM KANNEL,residence,pom kannel,
RUE DE L'OREE,rue,de l oree,
VC  LES NOUVEAUX HORIZONS,voie communale,les nouveaux horizons,
LES VALLONS,,les vallons,
RUE DU PRIEURE,rue,du prieure,
RUE SAINTE BEUVE,rue,sainte beuve,
IMP DU GROS CHENE,impasse,du gros chene,
RUE DE GUISE,rue,de guise,
LES AJAS,,les ajas,
RTE DE COUCHES,route,de couches,
RUE JACQUES HENRY,rue,jacques henry,
RUE DES GENEFRINES,rue,des genefrines,
RUE DU PUITS,rue,du puits,
RTE DE MESTEPES,route,de mestepes,
RUE ETIENNE JODELLE,rue,etienne jodelle,
RTE DE BISCHWILLER,route,de bischwiller,
RUE EMILE DESCHANEL,rue,emile deschanel,
AV  EVARISTE GALOIS,avenue,evariste galois,
AULNOIS,,aulnois,
AV  ARCHITECTE CORDONNIER,avenue,architecte cordonnier,
RUE CHARLES LONGUET,rue,charles longuet,
RUE DU PAVOIS,rue,du pavois,
CHE DES COLLETTES,chemin,des collettes,
RTE DE LA GIMOND,route,de la gimond,
RUE PAPETY,rue,papety,
RUE PAUL VALERY,rue,paul valery,
RUE DE LA CHARPINE,rue,de la charpine,
BD  DE LA PLAGE,boulevard,de la plage,
RUE DE L HOTEL DE VILLE,rue,de l hotel de ville,
VILLENEUVE,,villeneuve,
RUE ORBE,rue,orbe,
RUE DE L ORATOIRE,rue,de l oratoire,
RTE DE CARPENTRAS,route,de carpentras,
AV  CAP DE CROIX,avenue,cap de croix,
RTE DE HAUTEFORT,route,de hautefort,
RUE DU PRESIDENT S. ALLENDE,rue,du president s allende,
AV  JEAN BOUIN,avenue,jean bouin,
RUE DU CALVAIRE,rue,du calvaire,
BD  MAURICE BERTEAUX,boulevard,maurice berteaux,
ALL LOUIS ROVEYAZ,allee,louis roveyaz,
RTE DE LA PERLE,route,de la perle,
ROCHEFOLLET,,rochefollet,
RUE DE LOURMEL,rue,de lourmel,
RUE DES FAUVETTES,rue,des fauvettes,
RTE DE ROANNE,route,de roanne,
ALL COLETTE,allee,colette,
RUE DU RANCHET,rue,du ranchet,
ROUSSES VILLAGE,village,rousses,
ALL DE RECY,allee,de recy,
BD  JOSEPH BEDIER,boulevard,joseph bedier,
IMP MARCEL SADAILLAN,impasse,marcel sadaillan,
RUE DU GUE BOULIAGA,rue,du gue bouliaga,
RES AR MENEZ,residence,ar menez,
BD  DE MAGENTA,boulevard,de magenta,
TRA DE LA MERE DE DIEU,traverse,de la mere de dieu,
RUE LAMOURGUIER,rue,lamourguier,
QUA A LA PAGUERE 2,quartier,a la paguere 2,
RUE DE PLAISANCE,rue,de plaisance,
RUE DES CAPUCINS,rue,des capucins,
IMP SOPHIE GERMAIN,impasse,sophie germain,
RUE DES TAILLEURS DE PIERRE,rue,des tailleurs de pierre,
RASSUEN,,rassuen,
RUE CHARLES MICHEL,rue,charles michel,
RTE DES PETITS COINS,route,des petits coins,
RUE DE LA CALADE,rue,de la calade,
AV  DES COMTESSES,avenue,des comtesses,
BD  MACDONALD,boulevard,macdonald,
ALL MARINES,allee,marines,
RUE LEON DETROY,rue,leon detroy,
RUE DE LA BASSE LANDE,rue,de la basse lande,
BD  DU MOULIN,boulevard,du moulin,
RUE DE L EUROPE,rue,de l europe,
CITE DE LA RECLUSIE HBCM,cite,de la reclusie hbcm,
RUE D AR VRO,rue,d ar vro,
AV  DE TARENTE,avenue,de tarente,
RUE DU THEATRE,rue,du theatre,
RUE AUBERGERIE,rue,aubergerie,
RUE RAYMOND MARCHERON,rue,raymond marcheron,
RUE DES GEMEAUX,rue,des gemeaux,
RUE ANTONINE CRESPY,rue,antonine crespy,
RUE DU SLALOM,rue,du slalom,
RUE BRANLY,rue,branly,
RUE DES COGNASSIERS,rue,des cognassiers,
RUE DU PAS DES HEURES,rue,du pas des heures,
RUE PAUL DIACRE,rue,paul diacre,
RUE CHATEAUBRIAND,rue,chateaubriand,
CHE DU PUY GERBERT,chemin,du puy gerbert,
AV  ANDRE THIERS,avenue,andre thiers,
RUE DU NEUBOURG,rue,du neubourg,
IMP SARAH BERNHARDT,impasse,sarah bernhardt,
RTE DE PLAISANCE,route,de plaisance,
RES LE GRAND LARGE IV,residence,le grand large iv,
RTE DE COSSWILLER,route,de cosswiller,
AV  DOC PAUL POMPIDOR,avenue,doc paul pompidor,
RUE DE JERSEY,rue,de jersey,
RUE DE LA REINE BLANCHE,rue,de la reine blanche,
RUE SAINT EXUPERY,rue,saint exupery,
BD  DE LA LIBERATION,boulevard,de la liberation,
IMP GEBERT,impasse,gebert,
AV  MATHIAS DUVAL,avenue,mathias duval,
RUE RAYMOND POINCARE,rue,raymond poincare,
JARDIN JEAN DE OCKEGHEM,jardin,jean de ockeghem,
CHASSAGNOLLES,,chassagnolles,
CHEM DE LA SABLIERE,cheminement,de la sabliere,
RUE DE L EAU VIVE,rue,de l eau vive,
PARTIE SUD LA FORET DE LER,,partie sud la foret de ler,
ALL BOUGAINVILLE,allee,bougainville,
RUE DU GEISBOURG,rue,du geisbourg,
RUE DE L ABBE LEMIRE,rue,de l abbe lemire,
BD  EDOUARD HERRIOT,boulevard,edouard herriot,
ALL DES DEMOISELLES D'AVIGNON,allee,des demoiselles d avignon,
RUE GANDON,rue,gandon,
RLE LELEU,ruelle,leleu,
AV  DES SAVELS,avenue,des savels,
RUE DE LAGNY,rue,de lagny,
RUE PAUL EMILE VICTOR,rue,paul emile victor,
LOT MOULIN A VENT,lotissement,moulin a vent,
LOT LES SOURCES,lotissement,les sources,
RTE DE LA BASTIDE,route,de la bastide,
RUE ANTOINE DE JUSSIEU,rue,antoine de jussieu,
ALL DE BEZONS,allee,de bezons,
RTE DE VARYE,route,de varye,
CHE AMES DU PURGATOIRE,chemin,ames du purgatoire,
RUE MONTCHAUX,rue,montchaux,
RUE DE BARR,rue,de barr,
RUE AUSONE,rue,ausone,
RUE DES BERCHERES,rue,des bercheres,
RUE PIXERECOURT,rue,pixerecourt,
ARGIOLA,,argiola,
RTE DE LIMOGES,route,de limoges,
AV  DE TAHITI,avenue,de tahiti,
CHE DE SOUS COLLONGES,chemin,de sous collonges,
RUE DE LA CROIX DES NOUES,rue,de la croix des noues,
RES DE LA PEPINIERE,residence,de la pepiniere,
RUE BOTTOLIER,rue,bottolier,
CHE DU TOURET,chemin,du touret,
RUE JEAN FIEVET,rue,jean fievet,
CHE DES OLIVIERS,chemin,des oliviers,
RUE LOUIS BONNET,rue,louis bonnet,
ALL DE BARCELONE,allee,de barcelone,
RUE DE L HOTELLERIE,rue,de l hotellerie,
RTE NATIONALE 19,route nationale,19,
CHE DE NAJAC,chemin,de najac,
RUE JEAN SOUBIRAN,rue,jean soubiran,
PASS DE NOAILLES,passe,de noailles,
CITE PROVINCES IMM ALSAC,cite,provinces,imm alsac
AV  JEAN MOULIN,avenue,jean moulin,
BD  JEAN MOULIN,boulevard,jean moulin,
PL  JEAN MOULIN,place,jean moulin,
AV  GEN FERRIE,avenue,general ferrie,
AV  DE ST LOUIS,avenue,de saint louis,
RUE DU GAL DELESTRAINT,rue,du general delestraint,
ACH ANCIEN CHEM DE LA VALETTE,ancien chemin,de la valette,
CRS LIBERATION - GEN DE GAULLE,cours,liberation general de gaulle,
AV  MAL DE LATTRE DE TASSIGNY,avenue,marechal de lattre de tassigny,
LA CALE,cale,,
RTE DU GEN DE GAULLE,route,du general de gaulle,
AV  DES FUS DE STE RADEGONDE,avenue,des fus de sainte radegonde,
AV  PDT SALVADOR ALLENDE,avenue,president salvador allende,
AV  DU CDT MADELINE,avenue,du commandant madeline,
AV  DU GAL DE GAULLE,avenue,du general de gaulle,
RUE GRANDE RUE,grande rue,,
RUE DES CYGNES ST POL,rue,des cygnes saint pol,
RUE ST NICOLAS,rue,saint nicolas,
LE MOULIN,moulin,,
GR  GRAND RUE,grande rue,,
LE BOIS AU LARD,bois,au lard,
RUE MAL LATTRE TASSIGNY,rue,marechal lattre tassigny,
RUE MAL DE LATTRE DE TASSIGNY,rue,marechal de lattre de tassigny,
VC  RES DU MAL LECLERC,voie communale,res du marechal leclerc,
RUE GAL TRUMELET FABER,rue,general trumelet faber,
BD  ST JEAN B DE LA SALLE,boulevard,saint jean b de la salle,
RUE DE LA REPUBLIQUE STE MARIE,rue,de la republique sainte marie,
LE HAMEAU,hameau,,
AV  DU GEN CHARLES DE GAULLE,avenue,du general charles de gaulle,
RTE DU PUY STE REPARADE,route,du puy sainte reparade,
IMP 10 RUE DE METZ,impasse,10 rue de metz,
RUE SAINT-EUTROPE (PTE),petite rue,saint eutrope,
CTRE COM DU VAL D YERRES,centre commercial,du val d yerres,
MOULIN POIRIER (FREIGNE),moulin,poirier freigne,
RUE DE LA VERDIERE ZAC,rue,de la verdiere,zone d amenagement concerte
CTRE COM AVANT CAP,centre commercial,avant cap,
RES LE VERLAINE ZAC DES SALLES,residence,le verlaine,zone d amenagement concrete des salles
RUE DU FBG DU TEMPLE,rue,du faubourg du temple,
RUE DU FG POISSONNIERE,rue,du faubourg poissonniere,
RUE DU FBG ST ANTOINE,rue,du faubourg saint antoine,
